data_file,multiplier,mean_kmp,std_error_kmp,mean_brute_force,std_error_brute_force,t_stat,p_value
exon1_sequence,1,6.123648000000001e-06,2.1539583137510756e-08,3.2101000000000004e-06,5.870178105559575e-09,130.5051519618303,0.0
exon1_sequence,2,5.452985000000001e-06,4.2832358488749e-08,3.383224e-06,5.173998655400491e-09,47.973625248301,1.3304013334368227e-264
exon1_sequence,3,2.718281e-06,1.3974930078884465e-08,3.544501e-06,5.644673382719994e-08,-14.208195530003065,2.9934386428915495e-42
whole_gene_sequence,1,0.00105121501,4.256889434352766e-06,0.001088975514,4.064286508799473e-06,-6.415814096015801,1.7448755755805452e-10
whole_gene_sequence,2,0.001015752357,7.660793327022631e-07,0.001082802895,3.005214036937354e-07,-81.4792059059142,0.0
whole_gene_sequence,3,0.001024831942,8.562705519313045e-07,0.001106892538,6.818243904833664e-07,-74.97061554969206,0.0
